hv001,precip_annual,temp_annual,elevation,population,wealth_score,wealth_index,n_menages
1,83.16666666666667,27.44166644414266,29,118.8436508178711,131432.3076923077,5,26
2,83.91666666666667,27.283333619435627,34,77.7185287475586,127954.78260869565,5,23
3,82.91666666666667,27.43333339691162,32,111.44425964355469,121572.21428571429,5,28
4,83.66666666666667,27.34166685740153,38,100.29176330566406,110355.96296296296,5,27
5,81.66666666666667,27.208333174387615,27,112.87135314941406,123850.85714285714,4.5,28
6,77.08333333333333,27.0666667620341,5,33.05177688598633,100784.03571428571,4,28
7,80.75,26.99166663487752,0,52.49432373046875,162305.66666666666,5,27
8,80.58333333333333,27.25,7,98.07225036621094,113858.96551724138,4,29
9,83,27.325000286102295,36,101.38664245605469,120580.26923076923,5,26
10,81.75,27.22499990463257,31,109.61151123046875,168031.64285714287,5,28
11,83.16666666666667,27.22499990463257,38,104.6213607788086,151710.9655172414,5,29
12,83.58333333333333,27.22499990463257,39,101.85726928710938,98330.03448275862,4,29
13,83,27.325000286102295,36,106.49571228027344,139791.8148148148,4,27
14,83.83333333333333,27.35000006357829,39,99.54268646240234,200448.58620689655,5,29
15,79.66666666666667,27.458333651224773,20,82.2007827758789,149593.82142857142,5,28
16,75.25,27.550000031789143,8,74.94671630859375,113229.32142857143,4,28
17,81.08333333333333,27.38333336512248,25,67.45582580566406,146428.7037037037,5,27
18,81.33333333333333,27.34166669845581,18,65.58753204345703,109136.46428571429,4.5,28
19,80.66666666666667,27.34166669845581,19,62.89323043823242,133792.42857142858,5,28
20,80.66666666666667,27.233333428700764,20,59.04471969604492,104932.38461538461,4,26
21,81.33333333333333,27.266666730244953,20,62.56919860839844,117853.29629629629,5,27
22,77.16666666666667,27.299999872843426,7,68.17677307128906,117993.24,5,25
23,79.5,27.516666730244953,8,77.23492431640625,105793.4074074074,5,27
24,79.66666666666667,27.458333651224773,20,76.73431396484375,92507.68965517242,4,29
25,79.08333333333333,27.425000190734863,9,69.81934356689453,136065.69565217392,5,23
26,77,27.52500009536743,7,40.89860153198242,131256.92592592593,5,27
27,77.66666666666667,27.50000015894572,10,42.49607467651367,158159,5,28
28,81.41666666666667,27.46666685740153,22,83.2857437133789,155903.55172413794,5,29
29,81,27.458333333333332,24,66.55267333984375,128896.38461538461,5,26
30,81.5,27.458333333333332,24,69.79022216796875,133047.92,5,25
31,81.5,27.458333333333332,24,67.00721740722656,142535.0357142857,5,28
32,82.08333333333333,27.449999968210857,25,114.27458190917969,145057.62068965516,5,29
33,82.75,27.47499990463257,30,77.903656005859375,188259.03846153847,5,26
34,84.25,27.049999872843426,50,30.54018211364746,107584.26666666666,4.5,30
35,81.33333333333333,27.10000006357829,16,24.171710968017578,154896.57142857142,5,28
36,82,27.133333206176758,15,73.24779510498047,104949.69230769231,4,26
37,83,26.96666669845581,10,8.22245979309082,18475.241379310344,4,29
39,88.16666666666667,27.208333333333332,22,9.446727752685547,3296.5,3,28
40,86.41666666666667,27.28333330154419,3,1.008890986442566,-68701.23333333334,2,30
41,87.16666666666667,26.983333428700764,37,11.582627296447754,-29492.933333333334,3,30
42,86.41666666666667,26.90833346048991,64,2.89609956741333,-79323.5,1,30
43,85.25,27.041666666666668,12,2.5398435592651367,-62842.7,2,30
44,85.58333333333333,27.10000006357829,7,1.9298181533813477,-49660.8,2.5,30
45,85.58333333333333,27.075000127156574,24,4.030799865722656,-48678.933333333334,2.5,30
46,90.16666666666667,26.84166653951009,77,4.860419273376465,-51265.06896551724,2,29
47,86.41666666666667,26.858333269755047,49,0.8329873085021973,-60073.724137931036,2,29
48,86.16666666666667,26.62500015894572,56,8.519696235656738,-6964.285714285715,3,28
49,85.16666666666667,26.89999993642171,20,7.508349418640137,-71203.4827586207,2,29
50,85.16666666666667,26.625,64,4.350705623626709,54253,4,30
51,85.83333333333333,26.81666644414266,55,2.84019136428833,-44803.433333333334,3,30
52,85.5,26.53333346048991,132,1.23067045211792,-71534.8,2,30
53,89.08333333333333,26.133333206176758,147,6.688960552215576,-22297.566666666666,3,30
54,87.66666666666667,26.283332983652752,101,1.1165435314178467,-13380.133333333333,3,30
55,84.75,26.38333336512248,104,4.045854091644287,80426.5,4,30
56,83.91666666666667,26.47500006357829,81,0.9249657988548279,-12558.966666666667,3,30
57,83.25,26.866666475931805,17,5.764232158660889,-34335.03333333333,3,30
58,84.25,26.483333269755047,90,4.649341106414795,-29060.966666666667,3,30
59,83.75,26.758333524068195,49,5.363824367523193,-20155.6,3,30
60,84.33333333333333,26.583333492279053,51,0.3844973146915436,-41250.7,3,30
61,86.91666666666667,26.491666793823242,66,0.30273711681365967,-62739.89655172414,2,29
62,94.08333333333333,26.174999872843426,123,0.26216524839401245,-30503.103448275862,3,29
63,87.16666666666667,26.625,98,2.369471549987793,39813.833333333336,4,30
64,87.33333333333333,26.449999968210857,114,1.0321094989776611,-48396.066666666666,3,30
65,93.16666666666667,26.616666475931805,98,0.3913203477859497,-55515.46666666667,2,30
66,83.25,26.641666730244953,84,0.5850881934165955,-57150.53333333333,2.5,30
67,103.25,26.891666571299236,242,2.2968716621398926,-76601.3,1,30
68,107.75,26.458333174387615,335,11.534095764160156,66923.60714285714,4,28
69,99.5,27.058333079020183,167,0.5783642530441284,-70216.2,2,30
70,88.66666666666667,26.99166663487752,151,0.5845958590507507,-67541.46666666666,2,30
71,93.75,27.466666380564373,153,0.8566058278083801,19012.85714285714,4,28
72,94.91666666666667,27.491666475931805,166,0.8730718493461609,-59115.192307692305,2,26
73,89.58333333333333,27.074999968210857,207,1.2301663160324097,-41368.793103448275,2,29
74,94.75,27.175000031789143,235,0.6387791037559509,-42818.86666666667,2,30
75,89.33333333333333,27.041666666666668,200,1.6135034561157227,-64919.7,2,30
76,98.41666666666667,27.391666412353516,211,1.0542575120925903,-64424.76666666667,2,30
77,123.91666666666667,24.24999984105428,608,7.362396240234375,-4657.466666666666,3,30
78,119.16666666666667,25.24166663487752,489,0.20721645653247833,-80919.23333333334,1,30
79,140.08333333333334,22.53333330154419,847,0.30365559458732605,-74288.5172413793,1,29
80,127.58333333333333,24.875,485,1.9612369537353516,-10413.862068965518,3,29
81,117.58333333333333,26.666666666666668,252,0.39136365056037903,-78432.13333333333,1,30
82,108.58333333333333,26.233333428700764,450,2.158648729324341,-6936.3,3,30
83,105.16666666666667,26.291666825612385,282,0.2345479130744934,-80667.27586206897,1,29
84,109.25,26.56666660308838,197,0.417627215385437,-82414.7,1,30
85,120.25,26.15833346048991,269,0.9565821290016174,-6118.103448275862,3,29
86,115.83333333333333,25.883333206176758,254,13.747034072875977,97122.77777777778,4,27
87,116.41666666666667,26.049999872843426,249,16.116777420043945,57242.53571428572,4,28
88,133.66666666666666,23.05833339691162,729,4.025760173797607,14823.464285714286,3,28
89,112.58333333333333,25.858333428700764,222,1.6447197198867798,-51037.03703703704,2,27
90,110.08333333333333,25.5583332379659,211,7.67825984954834,-1373.7142857142858,3,28
91,110.91666666666667,25.666666825612385,240,4.541310787200928,10205.51724137931,3,29
92,99.25,26.050000190734863,144,0.3420989215373993,-76447.5,1,28
93,97.16666666666667,26.641666571299236,157,3.622081756591797,-86144.20689655172,1,29
94,99.16666666666667,26.758333206176758,173,0.7115018963813782,-35394.10344827586,3,29
95,102.41666666666667,26.97500006357829,159,0.5747254490852356,-14609.033333333333,3,30
96,89.25,26.75,138,2.4775774478912354,-37986.1,3,30
97,87.58333333333333,26.64999993642171,108,0.623991072177887,-74600.62068965517,1,29
98,84.33333333333333,26.75833336512248,136,5.767266273498535,-14989.814814814816,3,27
100,110.25,26.00833336512248,407,8.9179229736328125,76312.04347826086,4,23
101,109.08333333333333,26.22499990463257,347,0.5711622834205627,-62195.03703703704,2,27
102,108.33333333333333,26.15833346048991,408,15.317538261413574,60564.565217391304,4,23
103,108.5,26.34166653951009,369,13.601936340332031,82378.46153846153,4,26
104,108.91666666666667,26.125,405,11.087389945983887,69978.82608695653,4,23
105,105.58333333333333,26.300000031789143,368,1.8082441091537476,-43265.666666666664,2,30
106,107.91666666666667,25.74999984105428,429,0.25636255741119385,-62823.28571428572,2,28
107,121.66666666666667,25.241666793823242,506,2.4867520332336426,-22282.862068965518,3,29
108,100.25,26.300000190734863,363,10.336849212646484,62786.57142857143,4,28
109,103.33333333333333,26.108333269755047,391,0.33396244049072266,-67051.32142857143,2,28
110,96.33333333333333,26.116666475931805,374,4.392428874969482,-5428.037037037037,3,27
111,94.41666666666667,26.616666793823242,278,2.576016664505005,-48208.17857142857,3,28
112,96.08333333333333,26.449999968210857,311,0.31021350622177124,-73943.4827586207,1,29
113,103.5,26.30833339691162,377,1.4570165872573853,42940.82142857143,4,28
114,99.25,26.5,336,0.2232135683298111,-29405.566666666666,3,30
115,98.5,26.65833346048991,307,0.2176847755908966,-49250.48275862069,3,29
116,104.33333333333333,26.158333619435627,394,0.6918787956237793,-15697.785714285714,3,28
117,101.25,26.424999872843426,345,0.1517753005027771,-67990.8,2,30
118,98.16666666666667,27.00833336512248,256,0.1585618406534195,-62713.6,2,30
119,98.91666666666667,27.34166685740153,228,0.1812145709991455,-74909.85714285714,2,28
120,99.75,26.71666653951009,325,0.21216054260730743,-61284.933333333334,2,30
121,104.66666666666667,26.858333269755047,333,0.4312821328639984,-72738.27586206897,2,29
122,114.08333333333333,24.833333333333332,668,0.18147780001163483,-74995.13333333333,2,30
123,101.5,27.63333336512248,156,0.15145333111286163,-74150.21428571429,1,28
124,105.16666666666667,27.10000006357829,327,10.043357849121094,91669.93103448275,4,29
125,103.25,27.333333492279053,290,17.206552505493164,87944.35714285714,4,28
126,104.25,27.22499990463257,313,9.092844009399414,64061.8275862069,4,29
127,103.58333333333333,27.27499993642171,291,15.04344367980957,94251.66666666667,4,30
128,106.83333333333333,26.666666507720947,360,1.2994214296340942,-60715.166666666664,2,30
129,112.58333333333333,26.425000190734863,372,0.3951025605201721,-70032,2,28
130,104.25,27.0666667620341,317,0.8577976822853088,-12915.206896551725,3,29
131,109.91666666666667,26.22500006357829,470,0.8486272692680359,-50327.933333333334,2,30
132,117.58333333333333,25.666666666666668,642,3.2144527435302734,-49211.137931034486,2,29
133,102.91666666666667,26.88333336512248,373,1.7939515113830566,-69900.5172413793,2,29
134,103.33333333333333,26.858333428700764,390,2.7065699100494385,-74113.72413793103,2,29
135,104.16666666666667,26.866666475931805,356,0.4677550494670868,-77771.3448275862,1,29
136,108.16666666666667,26.291666666666668,461,3.5394439697265625,20747,3,29
137,106.08333333333333,26.300000031789143,441,1.626814842224121,-75087.16666666667,2,30
138,104.83333333333333,26.416666666666668,425,1.0975958108901978,-70588.86206896552,2,29
139,96.75,27.483333428700764,262,3.360907793045044,25744.5,4,30
140,91.08333333333333,28.083333492279053,191,2.1644139289855957,-66524.53571428571,1,28
141,93.58333333333333,27.80833339691162,196,0.26696908473968506,-84156.83333333333,1,30
142,98.33333333333333,27.71666653951009,192,1.3861582279205322,-74787.93333333333,2,30
143,96.58333333333333,27.97500006357829,107,0.6429754495620728,-86030.16666666667,1,30
144,96.75,27.80833355585734,178,0.42454466223716736,-73113.36666666667,2,30
145,94.5,27.950000127156574,138,3.2418057918548584,-66769.60714285714,2,28
146,116.91666666666667,26.208333651224773,407,3.7206473350524902,37967.8,4,30
147,106.08333333333333,27.03333330154419,281,0.12570035457611084,-61765.76666666667,2,30
148,101.75,27.4333332379659,226,0.15960541367530823,-81703.66666666667,1,30
149,106.08333333333333,27.25,244,0.217664435505867,-5558.233333333334,3,30
150,137.08333333333334,24.391666412353516,693,2.0768885612487793,-7252.8,3,30
151,84.75,28.15833330154419,290,18.871776580810547,93427.03333333334,4.5,30
152,85.16666666666667,28.175000031789143,303,12.371427536010742,42547.566666666666,4,30
153,82.83333333333333,28.34166669845581,269,1.648582100868225,-68646.8,2,30
154,83.08333333333333,28.074999968210857,305,6.566333293914795,-79874.36666666667,1,30
155,83.33333333333333,28.133333524068195,267,1.2418830394744873,-79265.5,1,30
156,86,28.333333651224773,252,4.10128927230835,-73429.33333333333,2,30
157,83.91666666666667,28.59166669845581,235,2.7624878883361816,-23762.533333333333,3,30
158,80.25,28.40833314259847,246,1.16462242603302,-80831.26666666666,1,30
159,77.75,28.18333339691162,280,11.682220458984375,100611.66666666667,5,30
160,79.66666666666667,28.175000190734863,294,3.998011350631714,-76136.46666666666,1,30
161,87.41666666666667,28.666666666666668,132,0.5531633496284485,-80151.73333333334,1,30
162,85.41666666666667,28.84166669845581,215,1.2695279121398926,-80074.83333333333,1,30
163,88.08333333333333,28.575000127156574,162,0.5072119235992432,-76704.06666666667,2,30
164,88.33333333333333,28.75000015894572,130,0.48949894309043884,-95625.4,1,30
165,90,28.22500006357829,165,0.4074461758136749,-92774.56666666667,1,30
166,88.75,28.458333015441895,134,0.4479050934314728,-93502.9,1,30
167,88.08333333333333,28.300000190734863,206,0.6123945713043213,-84257.4,1,30
168,90.08333333333333,28.1833332379659,129,0.4366544485092163,-92320.9,1,30
169,87.25,28.099999745686848,287,4.828993797302246,-62197.67857142857,2,28
170,85.16666666666667,28.15833346048991,232,1.4818891286849976,-75645.2,1,30
171,84,27.75000015894572,240,0.5697720646858215,-81505.4,1,30
